-- phpMyAdmin SQL Dump
-- version 5.2.1
-- https://www.phpmyadmin.net/
--
-- Host: 127.0.0.1
-- Generation Time: Jan 06, 2026 at 09:44 AM
-- Server version: 10.4.32-MariaDB
-- PHP Version: 8.2.12

SET SQL_MODE = "NO_AUTO_VALUE_ON_ZERO";
START TRANSACTION;
SET time_zone = "+00:00";


/*!40101 SET @OLD_CHARACTER_SET_CLIENT=@@CHARACTER_SET_CLIENT */;
/*!40101 SET @OLD_CHARACTER_SET_RESULTS=@@CHARACTER_SET_RESULTS */;
/*!40101 SET @OLD_COLLATION_CONNECTION=@@COLLATION_CONNECTION */;
/*!40101 SET NAMES utf8mb4 */;

--
-- Database: `sms_db`
--

-- --------------------------------------------------------

--
-- Table structure for table `admin`
--

CREATE TABLE `admin` (
  `admin_id` int(11) NOT NULL,
  `username` varchar(127) NOT NULL,
  `password` varchar(255) NOT NULL,
  `fname` varchar(127) NOT NULL,
  `lname` varchar(127) NOT NULL
) ENGINE=InnoDB DEFAULT CHARSET=utf8mb4 COLLATE=utf8mb4_general_ci;

--
-- Dumping data for table `admin`
--

INSERT INTO `admin` (`admin_id`, `username`, `password`, `fname`, `lname`) VALUES
(1, 'ajay123', '$2y$10$H7obJEdmLzqqcPy7wQWhsOLUvrgzC8f1Y1or2Gxaza5z1PT0tvLy6', 'Ajay', 'Agrahari');

-- --------------------------------------------------------

--
-- Table structure for table `class`
--

CREATE TABLE `class` (
  `class_id` int(11) NOT NULL,
  `grade` int(11) NOT NULL,
  `section` int(11) NOT NULL
) ENGINE=InnoDB DEFAULT CHARSET=utf8mb4 COLLATE=utf8mb4_general_ci;

--
-- Dumping data for table `class`
--

INSERT INTO `class` (`class_id`, `grade`, `section`) VALUES
(1, 7, 2),
(2, 1, 1),
(3, 3, 3),
(4, 2, 1);

-- --------------------------------------------------------

--
-- Table structure for table `grades`
--

CREATE TABLE `grades` (
  `grade_id` int(11) NOT NULL,
  `grade` varchar(31) NOT NULL,
  `grade_code` varchar(7) NOT NULL
) ENGINE=InnoDB DEFAULT CHARSET=utf8mb4 COLLATE=utf8mb4_general_ci;

--
-- Dumping data for table `grades`
--

INSERT INTO `grades` (`grade_id`, `grade`, `grade_code`) VALUES
(1, '1', 'G'),
(2, '2', 'G'),
(3, '3', 'G'),
(4, '4', 'G'),
(7, '5', 'G');

-- --------------------------------------------------------

--
-- Table structure for table `message`
--

CREATE TABLE `message` (
  `message_id` int(11) NOT NULL,
  `sender_full_name` varchar(100) NOT NULL,
  `sender_email` varchar(255) NOT NULL,
  `message` text NOT NULL,
  `date_time` datetime NOT NULL DEFAULT current_timestamp()
) ENGINE=InnoDB DEFAULT CHARSET=utf8mb4 COLLATE=utf8mb4_general_ci;

--
-- Dumping data for table `message`
--

INSERT INTO `message` (`message_id`, `sender_full_name`, `sender_email`, `message`, `date_time`) VALUES
(1, 'John doe', 'es@gmail.com', 'Hello, world', '2023-02-17 23:39:15'),
(2, 'John doe', 'es@gmail.com', 'Hi', '2023-02-17 23:49:19'),
(3, 'John doe', 'es@gmail.com', 'Hey, ', '2023-02-17 23:49:36'),
(4, 'Ajay agrahari', 'rebelboe123@gmail.com', 'best school in my area', '2026-01-06 11:10:31');

-- --------------------------------------------------------

--
-- Table structure for table `section`
--

CREATE TABLE `section` (
  `section_id` int(11) NOT NULL,
  `section` varchar(7) NOT NULL
) ENGINE=InnoDB DEFAULT CHARSET=utf8mb4 COLLATE=utf8mb4_general_ci;

--
-- Dumping data for table `section`
--

INSERT INTO `section` (`section_id`, `section`) VALUES
(1, 'A'),
(2, 'B'),
(3, 'C'),
(6, 'D');

-- --------------------------------------------------------

--
-- Table structure for table `setting`
--

CREATE TABLE `setting` (
  `id` int(11) NOT NULL,
  `current_year` int(11) NOT NULL,
  `current_semester` varchar(11) NOT NULL,
  `school_name` varchar(100) NOT NULL,
  `slogan` varchar(300) NOT NULL,
  `about` text NOT NULL
) ENGINE=InnoDB DEFAULT CHARSET=utf8mb4 COLLATE=utf8mb4_general_ci;

--
-- Dumping data for table `setting`
--

INSERT INTO `setting` (`id`, `current_year`, `current_semester`, `school_name`, `slogan`, `about`) VALUES
(1, 2025, 'II', 'Y School', 'Lux et Veritas Light and Truth', 'Y school is committed to providing quality education in a safe, \r\n    supportive, and inspiring learning environment. Our school focuses on academic excellence, \r\n    character development, and practical learning to prepare students for future challenges.\r\n\r\n    With experienced teachers, modern teaching methods, and a student-centered approach, \r\n    we aim to nurture creativity, discipline, and confidence in every learner. \r\n    We believe education is not only about books, but also about building values and skills \r\n    for lifelong success.');

-- --------------------------------------------------------

--
-- Table structure for table `students`
--

CREATE TABLE `students` (
  `student_id` int(11) NOT NULL,
  `username` varchar(127) NOT NULL,
  `password` varchar(255) NOT NULL,
  `fname` varchar(127) NOT NULL,
  `lname` varchar(255) NOT NULL,
  `grade` int(11) NOT NULL,
  `section` int(11) NOT NULL,
  `address` varchar(31) NOT NULL,
  `gender` varchar(7) NOT NULL,
  `email_address` varchar(255) NOT NULL,
  `date_of_birth` date NOT NULL,
  `date_of_joined` timestamp NULL DEFAULT current_timestamp(),
  `parent_fname` varchar(127) NOT NULL,
  `parent_lname` varchar(127) NOT NULL,
  `parent_phone_number` varchar(31) NOT NULL
) ENGINE=InnoDB DEFAULT CHARSET=utf8mb4 COLLATE=utf8mb4_general_ci;

--
-- Dumping data for table `students`
--

INSERT INTO `students` (`student_id`, `username`, `password`, `fname`, `lname`, `grade`, `section`, `address`, `gender`, `email_address`, `date_of_birth`, `date_of_joined`, `parent_fname`, `parent_lname`, `parent_phone_number`) VALUES
(1, 'jai123', '$2y$10$f27PA1L2uMOThcX9xN5RReLiE7uXOzt8qsbaXPqGSDghN9NDUxPVC', 'Jai', 'Agrahari', 7, 2, 'bhw', 'Male', 'JAI@jai.com', '2001-09-12', '2025-12-11 14:16:44', 'krishna', 'Agrahari', '9874561232'),
(3, 'abas', '$2y$10$wo/QhVkj6uWF0gyQFWGXX..rfsqxx4XIIATYBO6S2ePynV5qwmLxe', 'Priya ', 'Gupta', 2, 1, 'Berlin', 'Male', 'PRIYA@priya.com', '2002-12-03', '2021-12-01 14:16:51', 'krishna', 'gupta', '7979'),
(4, 'arjun', '$2y$10$rk85VKDWiZOhzB6SmbvQWOm2MqVYAznCitFlQP/e50.SfFpAN9PE.', 'arjun', 'bhusal', 1, 1, 'California', 'Male', 'arkun123@gmail.com', '2003-06-13', '2022-09-10 13:48:49', 'bishal', 'bhusal', '074932040'),
(5, 'akram', '$2y$10$Wg21YcQ0/Qa0R0WUmjrwXui2WJNOgGSokbtj4pwq3qoxIgkUg5ow2', 'akram', 'khan', 1, 1, 'UK', 'Male', 'akram.com', '2002-02-15', '2023-02-12 18:11:26', 'hussain', 'khan', '98456123789');

-- --------------------------------------------------------

--
-- Table structure for table `student_score`
--

CREATE TABLE `student_score` (
  `id` int(11) NOT NULL,
  `semester` varchar(100) NOT NULL,
  `year` int(11) NOT NULL,
  `student_id` int(11) NOT NULL,
  `teacher_id` int(11) NOT NULL,
  `subject_id` int(11) NOT NULL,
  `results` varchar(512) NOT NULL
) ENGINE=InnoDB DEFAULT CHARSET=utf8mb4 COLLATE=utf8mb4_general_ci;

--
-- Dumping data for table `student_score`
--

INSERT INTO `student_score` (`id`, `semester`, `year`, `student_id`, `teacher_id`, `subject_id`, `results`) VALUES
(6, 'II', 2025, 1, 1, 8, '37 40,59 60'),
(7, 'II', 2025, 4, 1, 4, '40 60,25 40'),
(8, 'II', 2025, 4, 1, 1, '40 60,35 40'),
(9, 'II', 2025, 5, 1, 1, '70 100'),
(10, 'II', 2025, 3, 1, 2, '75 100'),
(11, 'II', 2025, 4, 8, 4, '80 100'),
(12, 'II', 2025, 5, 8, 4, '60 100');

-- --------------------------------------------------------

--
-- Table structure for table `subjects`
--

CREATE TABLE `subjects` (
  `subject_id` int(11) NOT NULL,
  `subject` varchar(31) NOT NULL,
  `subject_code` varchar(31) NOT NULL,
  `grade` int(11) NOT NULL
) ENGINE=InnoDB DEFAULT CHARSET=utf8mb4 COLLATE=utf8mb4_general_ci;

--
-- Dumping data for table `subjects`
--

INSERT INTO `subjects` (`subject_id`, `subject`, `subject_code`, `grade`) VALUES
(1, 'English', 'En', 1),
(2, 'Physics', 'Phy', 1),
(3, 'Biology', 'Bio', 7),
(4, 'Math', 'Math', 7),
(8, 'Chemistry', 'ch', 7);

-- --------------------------------------------------------

--
-- Table structure for table `teachers`
--

CREATE TABLE `teachers` (
  `teacher_id` int(11) NOT NULL,
  `username` varchar(127) NOT NULL,
  `password` varchar(255) NOT NULL,
  `class` varchar(31) NOT NULL,
  `fname` varchar(127) NOT NULL,
  `lname` varchar(127) NOT NULL,
  `subjects` varchar(31) NOT NULL,
  `address` varchar(31) NOT NULL,
  `employee_number` int(11) NOT NULL,
  `date_of_birth` date DEFAULT NULL,
  `phone_number` varchar(31) NOT NULL,
  `qualification` varchar(127) NOT NULL,
  `gender` varchar(7) NOT NULL,
  `email_address` varchar(255) NOT NULL,
  `date_of_joined` datetime NOT NULL DEFAULT current_timestamp()
) ENGINE=InnoDB DEFAULT CHARSET=utf8mb4 COLLATE=utf8mb4_general_ci;

--
-- Dumping data for table `teachers`
--

INSERT INTO `teachers` (`teacher_id`, `username`, `password`, `class`, `fname`, `lname`, `subjects`, `address`, `employee_number`, `date_of_birth`, `phone_number`, `qualification`, `gender`, `email_address`, `date_of_joined`) VALUES
(1, 'umesh', '$2y$10$JruTW/rNZ6CVO4nxYWCrn.GJpiIKMACEPYrK00S7Dk/fkbJIdYau2', '1234', 'umesh', 'pathak', '12', 'Los angeles', 6, '0098-09-12', '9812365478', 'BSc', 'Male', 'umesh123@gmailcom', '2026-01-09 05:23:45'),
(8, 'aditi@123', '$2y$10$BRk3XP2r6/AlIMOMpTv78OhVBQrWlXfa02ttScMKFpZ0EMJWIJF1e', '1234', 'aditi', 'karna', '348', 'los angeles', 3, '1999-05-12', '9845624755', 'BSc, BA', 'Male', 'aditi@gmail.com', '2026-01-04 18:18:17');

--
-- Indexes for dumped tables
--

--
-- Indexes for table `admin`
--
ALTER TABLE `admin`
  ADD PRIMARY KEY (`admin_id`),
  ADD UNIQUE KEY `username` (`username`);

--
-- Indexes for table `class`
--
ALTER TABLE `class`
  ADD PRIMARY KEY (`class_id`);

--
-- Indexes for table `grades`
--
ALTER TABLE `grades`
  ADD PRIMARY KEY (`grade_id`);

--
-- Indexes for table `message`
--
ALTER TABLE `message`
  ADD PRIMARY KEY (`message_id`);

--
-- Indexes for table `section`
--
ALTER TABLE `section`
  ADD PRIMARY KEY (`section_id`);

--
-- Indexes for table `setting`
--
ALTER TABLE `setting`
  ADD PRIMARY KEY (`id`);

--
-- Indexes for table `students`
--
ALTER TABLE `students`
  ADD PRIMARY KEY (`student_id`),
  ADD UNIQUE KEY `username` (`username`);

--
-- Indexes for table `student_score`
--
ALTER TABLE `student_score`
  ADD PRIMARY KEY (`id`);

--
-- Indexes for table `subjects`
--
ALTER TABLE `subjects`
  ADD PRIMARY KEY (`subject_id`);

--
-- Indexes for table `teachers`
--
ALTER TABLE `teachers`
  ADD PRIMARY KEY (`teacher_id`),
  ADD UNIQUE KEY `username` (`username`);

--
-- AUTO_INCREMENT for dumped tables
--

--
-- AUTO_INCREMENT for table `admin`
--
ALTER TABLE `admin`
  MODIFY `admin_id` int(11) NOT NULL AUTO_INCREMENT, AUTO_INCREMENT=2;

--
-- AUTO_INCREMENT for table `class`
--
ALTER TABLE `class`
  MODIFY `class_id` int(11) NOT NULL AUTO_INCREMENT, AUTO_INCREMENT=7;

--
-- AUTO_INCREMENT for table `grades`
--
ALTER TABLE `grades`
  MODIFY `grade_id` int(11) NOT NULL AUTO_INCREMENT, AUTO_INCREMENT=9;

--
-- AUTO_INCREMENT for table `message`
--
ALTER TABLE `message`
  MODIFY `message_id` int(11) NOT NULL AUTO_INCREMENT, AUTO_INCREMENT=5;

--
-- AUTO_INCREMENT for table `section`
--
ALTER TABLE `section`
  MODIFY `section_id` int(11) NOT NULL AUTO_INCREMENT, AUTO_INCREMENT=7;

--
-- AUTO_INCREMENT for table `setting`
--
ALTER TABLE `setting`
  MODIFY `id` int(11) NOT NULL AUTO_INCREMENT, AUTO_INCREMENT=2;

--
-- AUTO_INCREMENT for table `students`
--
ALTER TABLE `students`
  MODIFY `student_id` int(11) NOT NULL AUTO_INCREMENT, AUTO_INCREMENT=6;

--
-- AUTO_INCREMENT for table `student_score`
--
ALTER TABLE `student_score`
  MODIFY `id` int(11) NOT NULL AUTO_INCREMENT, AUTO_INCREMENT=13;

--
-- AUTO_INCREMENT for table `subjects`
--
ALTER TABLE `subjects`
  MODIFY `subject_id` int(11) NOT NULL AUTO_INCREMENT, AUTO_INCREMENT=9;

--
-- AUTO_INCREMENT for table `teachers`
--
ALTER TABLE `teachers`
  MODIFY `teacher_id` int(11) NOT NULL AUTO_INCREMENT, AUTO_INCREMENT=9;
COMMIT;

/*!40101 SET CHARACTER_SET_CLIENT=@OLD_CHARACTER_SET_CLIENT */;
/*!40101 SET CHARACTER_SET_RESULTS=@OLD_CHARACTER_SET_RESULTS */;
/*!40101 SET COLLATION_CONNECTION=@OLD_COLLATION_CONNECTION */;
